TestCase,rTDATA,IMC,ICC,IPC,DPHC,rDirectness,tLOC,aLOC,UT,MutationScore,disjointMutationScore
io.protostuff.StringMapSchemaProtobufTest.testTwoEntriesContainsNullValue,0,10,5,1,1,0.00,14,57,1,0.00,0.00
io.protostuff.StringMapSchemaProtostuffTest.testTwoEntriesContainsEmptyValue,0,10,5,1,1,0.00,14,57,1,0.00,0.00
io.protostuff.ProtobufCodedOutputTest.testJavaSerializable,1,50,8,1,1,0.12,281,392,0,0.00,0.00
io.protostuff.StreamedStringSerializerTest.testAscii,2,3,3,1,1,0.87,19,50,1,0.00,0.00
io.protostuff.LinkBufferTest.testBasics,1,9,1,1,1,0.32,21,50,1,0.00,0.00
io.protostuff.TailDelimiterTest.testEmptyFooInner2,0,13,3,1,1,0.21,274,143,0,0.00,0.00
io.protostuff.StringMapSchemaProtobufTest.testMultipleEntriesContainsEmptyKey,0,10,5,1,1,0.00,18,57,1,0.00,0.00
io.protostuff.ProtobufBufferedOutputTest.testBaz,0,20,4,1,1,0.05,50,199,0,0.00,0.00
io.protostuff.StringMapSchemaProtostuffTest.testMultipleEntriesContainNullValue,0,10,5,1,1,0.00,18,57,1,0.00,0.00
io.protostuff.ProtobufBufferedOutputTest.testJavaSerializableEmptyFooInner,0,4,3,1,1,0.79,109,47,0,0.00,0.00
io.protostuff.ProtostuffBufferedOutputTest.testJavaSerializableEmptyBarInner,0,18,6,1,1,0.19,139,179,0,0.00,0.00
io.protostuff.ProtostuffDelimiterTest.testFooTooLarge,0,18,4,1,1,0.05,115,166,0,0.00,0.00
io.protostuff.ProtostuffDelimiterTest.testBar,0,37,5,1,1,0.03,155,311,0,0.00,0.00
io.protostuff.ProtobufCodedOutputTest.testPartialEmptyBarInnerWithString,1,13,2,1,1,0.11,179,126,0,0.00,0.00
io.protostuff.CompareOutputsTest.testFooProtostuff,2,12,2,1,1,0.38,261,78,0,0.00,0.00
io.protostuff.ProtostuffBufferedOutputTest.testPartialEmptyBarWithEmptyString,0,12,4,1,1,0.08,83,113,0,0.00,0.00
io.protostuff.ProtobufCodedOutputTest.testJavaSerializableGraphIOUtil,0,13,7,1,1,0.27,48,136,0,0.00,0.00
io.protostuff.ProtobufBufferedOutputTest.testJavaSerializableEmptyBarInner,0,18,6,1,1,0.19,139,179,0,0.00,0.00
io.protostuff.ProtostuffBufferedOutputTest.testPartialEmptyFooInnerWithString,0,5,3,1,1,0.24,97,52,0,0.00,0.00
io.protostuff.ProtobufCodedOutputTest.testBarSkipMessage,1,28,2,1,1,0.15,317,227,0,0.00,0.00
io.protostuff.ProtostuffPipeTest.testBar,0,92,11,1,1,0.02,188,644,0,0.00,0.00
io.protostuff.ProtobufCodedOutputTest.testBaz,1,14,2,1,1,0.26,151,134,0,0.00,0.00
io.protostuff.StringMapSchemaProtostuffTest.testSingleEntry,0,10,5,1,1,0.00,13,57,1,0.00,0.00
io.protostuff.ProtostuffStreamedOutputTest.testJavaSerializableEmptyFoo,0,4,3,1,1,0.79,99,47,0,0.00,0.00
io.protostuff.ProtostuffBufferedOutputTest.testEmptyFoo,0,5,3,1,1,0.24,81,52,0,0.00,0.00
io.protostuff.ProtobufCodedOutputTest.testEmptyFooInner,1,12,2,1,1,0.12,202,120,0,0.00,0.00
io.protostuff.CompareOutputsTest.testFooProtobuf,1,20,1,1,1,0.13,270,217,0,0.00,0.00
io.protostuff.StringSerializerTest.testVarDelimitedBoundryThreeByte,1,6,2,1,1,0.10,18,268,1,0.00,0.00
io.protostuff.LowCopyProtostuffOutputTest.testCompareVsOther,2,48,5,1,1,0.07,173,278,1,0.00,0.00
io.protostuff.ProtobufOutputTest.testGetTagAndRawLittleEndian64Bytes,0,3,1,1,1,0.33,6,30,1,0.00,0.00
io.protostuff.ProtostuffBufferedOutputTest.testBar,0,32,4,1,1,0.04,139,212,0,0.00,0.00
io.protostuff.ProtobufOutputTest.testWriteRawVarInt32,0,1,1,1,1,1.00,5,5,1,0.00,0.00
io.protostuff.TailDelimiterTest.testFoo,0,34,3,1,1,0.12,277,239,0,0.00,0.00
io.protostuff.ProtobufCodedOutputTest.testShareFieldNumberAndTypeAndSkipMessage,1,23,2,1,1,0.17,296,203,0,0.00,0.00
io.protostuff.ProtobufBufferedOutputTest.testEmptyBar,0,5,3,1,1,0.24,54,52,0,0.00,0.00
io.protostuff.ProtobufCodedOutputTest.testFooDelimited,0,24,5,1,1,0.14,445,209,0,0.00,0.00
io.protostuff.ProtobufCodedOutputTest.testEmptyInnerBarDelimited,0,9,4,1,1,0.11,205,103,0,0.00,0.00
io.protostuff.GraphDelimiterTest.testBar,0,45,8,1,1,0.03,155,376,0,0.00,0.00
io.protostuff.LinkBufferTest.testWriteLargeVar32,1,3,1,1,1,0.86,6,28,1,0.00,0.00
io.protostuff.ProtostuffStreamedOutputTest.testPartialEmptyBarWithString,0,12,4,1,1,0.08,88,111,0,0.00,0.00
io.protostuff.TailDelimiterTest.testBar,0,34,3,1,1,0.12,144,239,0,0.00,0.00
io.protostuff.ProtostuffRepeatedMessagesTest.testEmptyFoo,0,10,2,1,1,0.13,144,118,0,0.00,0.00
io.protostuff.ProtostuffBufferedOutputTest.testShareFieldNumberAndTypeAndSkipMessage,0,26,4,1,1,0.05,148,200,0,0.00,0.00
io.protostuff.ProtostuffStreamedOutputTest.testJavaSerializableGraphIOUtil,0,13,7,1,1,0.27,41,136,0,0.00,0.00
io.protostuff.ProtostuffBufferedOutputTest.testPartialEmptyBar,0,13,4,1,1,0.09,83,119,0,0.00,0.00
io.protostuff.ProtobufCodedOutputTest.testEmptyInnerFooDelimited,0,9,4,1,1,0.11,294,103,0,0.00,0.00
io.protostuff.ProtobufDelimiterTest.testBarTooLarge3,0,12,3,1,1,0.19,54,167,0,0.00,0.00
io.protostuff.ProtostuffBufferedOutputTest.testEmptyBarInner,0,10,4,1,1,0.11,80,101,0,0.00,0.00
io.protostuff.ProtostuffRepeatedMessagesTest.testEmptyBar,0,10,2,1,1,0.13,102,118,0,0.00,0.00
io.protostuff.StringMapSchemaProtobufTest.testSingleEntryEmptyString,0,10,5,1,1,0.00,13,57,1,0.00,0.00
io.protostuff.ProtostuffBufferedOutputTest.testBaz,0,15,4,1,1,0.09,50,122,0,0.00,0.00
io.protostuff.StringSerializerTest.testUTF8,2,4,2,1,1,0.07,31,212,1,0.00,0.00
io.protostuff.B64CodeTest.testDecodeFromString,0,11,2,1,1,0.03,7,130,1,0.00,0.00
io.protostuff.ProtostuffStreamedOutputTest.testPartialEmptyBarInnerWithEmptyString,0,12,4,1,1,0.08,88,111,0,0.00,0.00
io.protostuff.TailDelimiterTest.testEmptyFooInner,0,13,3,1,1,0.21,231,143,0,0.00,0.00
io.protostuff.ProtobufCodedOutputTest.testEmptyFooDelimited,0,2,2,1,1,0.00,133,22,0,0.00,0.00
io.protostuff.ProtostuffBufferedOutputTest.testJavaSerializableEmptyBar,0,4,3,1,1,0.79,75,47,0,0.00,0.00
io.protostuff.ProtobufBufferedOutputTest.testNestedOverflow,0,22,4,1,1,0.04,148,249,0,0.00,0.00
io.protostuff.ProtostuffBufferedOutputTest.testEmptyBazDelimited,0,4,3,1,1,0.21,45,36,0,0.00,0.00
io.protostuff.StreamedStringSerializerTest.testFloat,2,4,3,1,1,0.32,21,50,1,0.00,0.00
io.protostuff.StringMapSchemaProtobufTest.testMultipleEntriesContainsEmptyKeyAndNullValues,0,10,5,1,1,0.00,22,57,1,0.00,0.00
io.protostuff.BufferReuseTest.testFoo,0,35,4,1,1,0.05,274,226,0,0.00,0.00
io.protostuff.ProtostuffStreamedOutputTest.testEmptyFooDelimited,0,4,3,1,1,0.24,102,36,0,0.00,0.00
io.protostuff.ProtobufBufferedOutputTest.testEmptyFoo,0,5,3,1,1,0.24,81,52,0,0.00,0.00
io.protostuff.ProtobufBufferedOutputTest.testShareFieldNumberAndTypeAndSkipMessage,0,32,4,1,1,0.03,148,333,0,0.00,0.00
io.protostuff.StringSerializerTest.testReallyLongString,2,5,3,1,1,0.08,10,227,1,0.00,0.00
io.protostuff.ProtobufOutputTest.testWriteRawVarInt32Bytes,0,2,1,1,1,1.00,22,10,1,0.00,0.00
io.protostuff.ProtostuffBufferedOutputTest.testFooSkipMessage,0,36,4,1,1,0.03,276,243,0,0.00,0.00
io.protostuff.ProtostuffBufferedOutputTest.testJavaSerializableEmptyFooInner,0,4,3,1,1,0.79,109,47,0,0.00,0.00
io.protostuff.ProtostuffDelimiterTest.testBarTooLarge2,0,10,4,1,1,0.07,54,127,0,0.00,0.00
io.protostuff.ProtostuffStreamedOutputTest.testPartialEmptyBarInner,0,13,4,1,1,0.07,88,117,0,0.00,0.00
io.protostuff.ProtostuffDelimiterTest.testBaz,0,20,5,1,1,0.14,66,221,0,0.00,0.00
io.protostuff.ProtostuffStreamedOutputTest.testEmptyFooInner,0,10,4,1,1,0.09,138,99,0,0.00,0.00
io.protostuff.ProtostuffStreamedOutputTest.testEmptyInnerFooDelimited,0,12,5,1,1,0.07,231,121,0,0.00,0.00
io.protostuff.ProtobufOutputTest.testWriteRawLittleEndian32,0,1,1,1,1,1.00,6,7,1,0.00,0.00
io.protostuff.ProtostuffBufferedOutputTest.testPartialEmptyFooWithEmptyString,0,9,4,1,1,0.11,99,85,0,0.00,0.00
io.protostuff.ProtostuffBufferedOutputTest.testEmptyInnerBarDelimited,0,12,5,1,1,0.06,142,121,0,0.00,0.00
io.protostuff.ProtostuffBufferedOutputTest.testEmptyFooDelimited,0,4,3,1,1,0.24,102,36,0,0.00,0.00
io.protostuff.StringSerializerTest.testAscii,2,2,2,1,1,1.00,17,48,1,0.00,0.00
io.protostuff.UnsignedNumberUtilTest.testUnsignedIntToString,0,2,1,1,1,0.33,3,3,1,0.00,0.00
io.protostuff.ProtostuffRepeatedMessagesTest.testBar,0,34,3,1,1,0.06,146,239,0,0.00,0.00
io.protostuff.ProtobufBufferedOutputTest.testJavaSerializable,0,49,9,1,1,0.11,195,379,0,0.00,0.00
io.protostuff.ProtostuffStreamedOutputTest.testPartialEmptyFooInnerWithEmptyString,0,5,3,1,1,0.20,102,50,0,0.00,0.00
io.protostuff.StringMapSchemaProtobufTest.testSingleEntryNullValue,0,7,3,1,1,0.00,13,49,1,0.00,0.00
io.protostuff.ProtobufBufferedOutputTest.testPartialEmptyBarWithString,0,13,4,1,1,0.07,83,156,0,0.00,0.00
io.protostuff.ProtobufBufferedOutputTest.testPartialEmptyBarWithEmptyString,0,13,4,1,1,0.05,83,156,0,0.00,0.00
io.protostuff.ProtostuffBufferedOutputTest.testPartialEmptyFooInner,0,5,3,1,1,0.24,94,52,0,0.00,0.00
io.protostuff.ProtobufCodedOutputTest.testPartialEmptyBarInnerWithEmptyString,1,14,2,1,1,0.08,179,179,0,0.00,0.00
io.protostuff.ProtobufBufferedOutputTest.testEmptyInnerBarDelimited,0,11,4,1,1,0.07,142,145,0,0.00,0.00
io.protostuff.ProtostuffDelimiterTest.testBarTooLarge3,0,10,4,1,1,0.23,54,127,0,0.00,0.00
io.protostuff.ProtostuffPipeTest.testBaz,0,51,11,1,1,0.04,76,399,0,0.00,0.00
io.protostuff.StreamedStringSerializerTest.testUTF8,2,5,4,1,1,0.78,35,77,1,0.00,0.00
io.protostuff.ProtobufDelimiterTest.testBaz,0,24,4,1,1,0.11,66,291,0,0.00,0.00
io.protostuff.StringSerializerTest.testVarDelimitedBoundryTwoByte,1,6,2,1,1,0.10,17,268,1,0.00,0.00
io.protostuff.ProtobufCodedOutputTest.testBazDelimited,0,14,4,1,1,0.22,150,140,0,0.00,0.00
io.protostuff.ProtobufBufferedOutputTest.testBarSkipMessage,0,43,4,1,1,0.02,143,393,0,0.00,0.00
io.protostuff.StringMapSchemaProtobufTest.testSingleEntry,0,10,5,1,1,0.00,13,57,1,0.00,0.00
io.protostuff.ProtostuffRepeatedMessagesTest.testFoo,0,34,3,1,1,0.06,279,239,0,0.00,0.00
io.protostuff.StringMapSchemaProtostuffTest.testSingleEntryEmptyString,0,10,5,1,1,0.00,13,57,1,0.00,0.00
io.protostuff.ProtobufBufferedOutputTest.testPartialEmptyFooInnerWithEmptyString,0,5,3,1,1,0.24,97,52,0,0.00,0.00
io.protostuff.ProtobufBufferedOutputTest.testEmptyBarDelimited,0,4,3,1,1,0.25,78,38,0,0.00,0.00
io.protostuff.BufferReuseTest.testPartialEmptyFoo,0,17,4,1,1,0.08,140,146,0,0.00,0.00
io.protostuff.ProtobufRepeatedMessagesTest.testFoo,0,44,5,1,1,0.10,279,424,0,0.00,0.00
io.protostuff.ProtobufCodedOutputTest.testPartialEmptyBarInner,1,14,2,1,1,0.11,163,128,0,0.00,0.00
io.protostuff.UnsignedNumberUtilTest.testParseUnsignedLong,0,3,1,1,1,0.05,3,22,1,0.00,0.00
io.protostuff.BufferReuseTest.testPartialEmptyBarWithString,0,16,4,1,1,0.08,85,140,0,0.00,0.00
io.protostuff.ProtostuffRepeatedMessagesTest.testEmptyBar2,0,10,2,1,1,0.13,101,118,0,0.00,0.00
io.protostuff.CodedOutputTest.testBool,0,0,0,0,0,0.00,38,0,0,0.00,0.00
io.protostuff.CodedOutputTest.testRawLittleEndian32Bytes,0,0,0,0,0,0.00,45,0,0,0.00,0.00
io.protostuff.ProtobufRepeatedMessagesTest.testEmptyFoo,0,4,2,1,1,0.29,104,50,0,0.00,0.00
io.protostuff.ProtostuffStreamedOutputTest.testBaz,0,15,4,1,1,0.07,55,120,0,0.00,0.00
io.protostuff.ProtostuffStreamedOutputTest.testEmptyBazDelimited,0,4,3,1,1,0.21,45,36,0,0.00,0.00
io.protostuff.ProtobufCodedOutputTest.testJavaSerializableEmptyBar,0,4,3,1,1,0.79,75,47,0,0.00,0.00
io.protostuff.StreamedStringSerializerTest.testMultipleLargeStringsExceedingBufferSizeDelimited,2,15,7,1,1,0.09,77,343,1,0.00,0.00
io.protostuff.ProtobufBufferedOutputTest.testEmptyBarInner,0,9,4,1,1,0.09,80,123,0,0.00,0.00
io.protostuff.ProtobufBufferedOutputTest.testPartialEmptyFoo,0,14,4,1,1,0.06,138,168,0,0.00,0.00
io.protostuff.StringSerializerTest.testDouble,2,4,3,1,1,0.39,15,52,1,0.00,0.00
io.protostuff.ProtobufBufferedOutputTest.testFoo,0,41,4,1,1,0.03,272,374,0,0.00,0.00
io.protostuff.GraphTest.testReference,0,41,8,1,1,0.07,301,336,0,0.00,0.00
io.protostuff.NumberParserTest.testParseInt,1,9,4,1,1,0.45,21,98,1,0.00,0.00
io.protostuff.NumberParserTest.testParseLong,1,9,4,1,1,0.40,21,108,1,0.00,0.00
io.protostuff.BufferReuseTest.testPartialEmptyBarInnerWithString,0,16,4,1,1,0.08,85,140,0,0.00,0.00
io.protostuff.ProtostuffBufferedOutputTest.testJavaSerializableGraphIOUtil,0,13,7,1,1,0.27,41,136,0,0.00,0.00
io.protostuff.ProtostuffStreamedOutputTest.testBazDelimited,0,17,5,1,1,0.06,55,142,0,0.00,0.00
io.protostuff.ProtobufDelimiterTest.testBarTooLarge2,0,12,3,1,1,0.05,54,167,0,0.00,0.00
io.protostuff.ProtobufCodedOutputTest.testBar,1,25,2,1,1,0.17,313,195,0,0.00,0.00
io.protostuff.ProtobufBufferedOutputTest.testPartialEmptyBar,0,14,4,1,1,0.06,83,168,0,0.00,0.00
io.protostuff.ProtobufBufferedOutputTest.testPartialEmptyFooInner,0,5,3,1,1,0.24,94,52,0,0.00,0.00
io.protostuff.BufferReuseTest.testEmptyBar,0,7,3,1,1,0.17,56,74,0,0.00,0.00
io.protostuff.BufferReuseTest.testBar,0,35,4,1,1,0.05,143,226,0,0.00,0.00
io.protostuff.IntTest.testProtostuff,0,60,6,1,1,0.06,132,339,0,0.00,0.00
io.protostuff.ProtobufRepeatedMessagesTest.testEmptyBar2,0,4,2,1,1,0.85,79,50,0,0.00,0.00
io.protostuff.UnsignedNumberUtilTest.testParseUnsignedInt,0,8,1,1,1,0.03,3,35,1,0.00,0.00
io.protostuff.StreamedStringSerializerTest.testVarDelimitedBoundryThreeByte,2,7,3,1,1,0.21,19,279,1,0.00,0.00
io.protostuff.BufferReuseTest.testPartialEmptyBarInner,0,17,4,1,1,0.08,85,146,0,0.00,0.00
io.protostuff.StringMapSchemaProtobufTest.testTwoEntries,0,10,5,1,1,0.00,14,57,1,0.00,0.00
io.protostuff.ProtostuffStreamedOutputTest.testBarDelimited,0,34,5,1,1,0.04,144,232,0,0.00,0.00
io.protostuff.TailDelimiterTest.testEmptyBarInner,0,13,3,1,1,0.21,142,143,0,0.00,0.00
io.protostuff.ProtostuffBufferedOutputTest.testPartialEmptyFooInnerWithEmptyString,0,5,3,1,1,0.24,97,52,0,0.00,0.00
io.protostuff.ProtostuffDelimiterTest.testFoo,0,37,5,1,1,0.03,289,311,0,0.00,0.00
io.protostuff.B64CodeTest.testStringDecodeTo,0,9,2,1,1,0.24,12,135,1,0.00,0.00
io.protostuff.BufferReuseTest.testPartialEmptyFooInnerWithEmptyString,0,7,3,1,1,0.17,99,74,0,0.00,0.00
io.protostuff.ProtostuffDelimiterTest.testFooEmpty,0,8,3,1,1,0.08,115,120,0,0.00,0.00
io.protostuff.StreamedStringSerializerTest.testUTF8FixedDelimited,2,9,4,1,1,0.03,38,254,1,0.00,0.00
io.protostuff.ProtobufOutputTest.testWriteRawLittleEndian64,0,1,1,1,1,1.00,6,11,1,0.00,0.00
io.protostuff.StringMapSchemaProtostuffTest.testMultipleEntriesContainsEmptyKey,0,10,5,1,1,0.00,18,57,1,0.00,0.00
io.protostuff.StreamedStringSerializerTest.testLong,2,5,4,1,1,0.42,21,76,1,0.00,0.00
io.protostuff.ProtobufOutputTest.testEncodeZigZag32,0,1,1,1,1,1.00,6,1,1,0.00,0.00
io.protostuff.ProtobufBufferedOutputTest.testEmptyFooDelimited,0,4,3,1,1,0.28,102,38,0,0.00,0.00
io.protostuff.ProtobufBufferedOutputTest.testBarDelimited,0,43,4,1,1,0.03,144,396,0,0.00,0.00
io.protostuff.ProtobufBufferedOutputTest.testFooDelimited,0,44,5,1,1,0.02,277,412,0,0.00,0.00
io.protostuff.ProtostuffBufferedOutputTest.testEmptyBarDelimited,0,4,3,1,1,0.21,78,36,0,0.00,0.00
io.protostuff.BufferReuseTest.testEmptyFooInner,0,14,4,1,1,0.09,135,130,0,0.00,0.00
io.protostuff.GraphTest.testCyclic,0,41,8,1,1,0.07,181,342,0,0.00,0.00
io.protostuff.ProtobufCodedOutputTest.testPartialEmptyFooInnerWithEmptyString,1,4,1,1,1,0.09,132,56,0,0.00,0.00
io.protostuff.StringMapSchemaProtostuffTest.testMultipleEntriesContainsEmptyKeyAndNullValues,0,10,5,1,1,0.00,22,57,1,0.00,0.00
io.protostuff.ProtostuffBufferedOutputTest.testEmptyBar,0,5,3,1,1,0.24,54,52,0,0.00,0.00
io.protostuff.ProtobufBufferedOutputTest.testPartialEmptyBarInner,0,14,4,1,1,0.06,83,168,0,0.00,0.00
io.protostuff.ProtobufBufferedOutputTest.testEmptyBazDelimited,0,4,3,1,1,0.25,45,38,0,0.00,0.00
io.protostuff.ByteStringTest.testToString,0,4,1,1,1,0.43,5,11,1,0.00,0.00
io.protostuff.ProtostuffBufferedOutputTest.testJavaSerializableEmptyFoo2,0,4,3,1,1,0.79,104,47,0,0.00,0.00
io.protostuff.CodedOutputTest.testRawLittleEndian64Bytes,0,0,0,0,0,0.00,48,0,0,0.00,0.00
io.protostuff.ProtostuffRepeatedMessagesTest.testEmptyFoo2,0,10,2,1,1,0.26,143,118,0,0.00,0.00
io.protostuff.BufferReuseTest.testPartialEmptyBar,0,17,4,1,1,0.08,85,146,0,0.00,0.00
io.protostuff.ProtostuffStreamedOutputTest.testFooDelimited,0,35,6,1,1,0.03,277,248,0,0.00,0.00
io.protostuff.StreamedStringSerializerTest.testSurrogatePairs,2,12,6,1,1,0.44,35,132,1,0.00,0.00
io.protostuff.GraphDelimiterTest.testFoo,0,45,8,1,1,0.09,289,376,0,0.00,0.00
io.protostuff.UniqueMapEntryTest.testIt,0,15,15,1,1,0.00,18,46,0,0.00,0.00
io.protostuff.StreamedStringSerializerTest.testDouble,2,4,3,1,1,0.32,21,50,1,0.00,0.00
io.protostuff.TailDelimiterTest.testEmptyBar,0,10,2,1,1,0.26,100,118,0,0.00,0.00
io.protostuff.ProtobufBufferedOutputTest.testBazDelimited,0,22,4,1,1,0.05,55,221,0,0.00,0.00
io.protostuff.ProtostuffBufferedOutputTest.testPartialEmptyBarInnerWithEmptyString,0,12,4,1,1,0.10,83,113,0,0.00,0.00
io.protostuff.StringMapSchemaProtostuffTest.testMultipleEntriesContainNullValues,0,10,5,1,1,0.00,19,57,1,0.00,0.00
io.protostuff.ProtobufBufferedOutputTest.testNestedLarge,0,23,4,1,1,0.04,142,254,0,0.00,0.00
io.protostuff.BufferReuseTest.testPartialEmptyFooWithString,0,13,4,1,1,0.10,101,115,0,0.00,0.00
io.protostuff.ProtobufDelimiterTest.testFooTooLarge,0,27,3,1,1,0.10,115,328,0,0.00,0.00
io.protostuff.ProtobufCodedOutputTest.testPartialEmptyFooWithEmptyString,1,10,2,1,1,0.09,176,148,0,0.00,0.00
io.protostuff.ProtobufBufferedOutputTest.testPartialEmptyFooWithEmptyString,0,11,4,1,1,0.08,99,106,0,0.00,0.00
io.protostuff.ProtobufCodedOutputTest.testJavaSerializableEmptyBarInner,0,19,6,1,1,0.19,139,180,0,0.00,0.00
io.protostuff.ProtobufOutputTest.testEncodeZigZag64,0,1,1,1,1,1.00,6,1,1,0.00,0.00
io.protostuff.ProtobufOutputTest.testGetRawVarInt32Bytes,0,2,1,1,1,0.50,4,18,1,0.00,0.00
io.protostuff.B64CodeTest.testDecodeTo,0,10,2,1,1,0.18,13,129,1,0.00,0.00
io.protostuff.ProtostuffStreamedOutputTest.testJavaSerializableEmptyBar,0,4,3,1,1,0.79,75,47,0,0.00,0.00
io.protostuff.ProtostuffStreamedOutputTest.testEmptyFoo,0,5,3,1,1,0.20,86,50,0,0.00,0.00
io.protostuff.StringMapSchemaProtostuffTest.testMultipleEntriesContainsEmptyValue,0,10,5,1,1,0.00,18,57,1,0.00,0.00
io.protostuff.ProtobufCodedOutputTest.testEmptyFoo,1,4,1,1,1,0.09,116,56,0,0.00,0.00
io.protostuff.ProtostuffStreamedOutputTest.testEmptyBarInner,0,10,4,1,1,0.09,85,99,0,0.00,0.00
io.protostuff.StringSerializerTest.testInt,2,5,3,1,1,0.53,15,72,1,0.00,0.00
io.protostuff.ProtostuffStreamedOutputTest.testEmptyBar,0,5,3,1,1,0.20,59,50,0,0.00,0.00
io.protostuff.ProtostuffRepeatedMessagesTest.testEmptyBarInner,0,13,3,1,1,0.21,144,143,0,0.00,0.00
io.protostuff.GraphDelimiterTest.testBarTooLarge2,0,11,5,1,1,0.07,54,140,0,0.00,0.00
io.protostuff.ProtobufRepeatedMessagesTest.testEmptyFooInner,0,11,4,1,1,0.28,233,157,0,0.00,0.00
io.protostuff.ProtobufCodedOutputTest.testFoo,1,25,2,1,1,0.17,446,195,0,0.00,0.00
io.protostuff.IntTest.testProtobuf,0,69,5,1,1,0.04,131,442,0,0.00,0.00
io.protostuff.ListAdapterTest.checkConvertedValues,1,2,1,1,1,1.00,11,6,1,0.00,0.00
io.protostuff.ProtostuffStreamedOutputTest.testPartialEmptyBarWithEmptyString,0,12,4,1,1,0.06,88,111,0,0.00,0.00
io.protostuff.BufferReuseTest.testPartialEmptyFooInner,0,7,3,1,1,0.17,96,74,0,0.00,0.00
io.protostuff.TailDelimiterTest.testEmptyFoo,0,10,2,1,1,0.26,142,118,0,0.00,0.00
io.protostuff.ProtobufDelimiterTest.testBar,0,45,4,1,1,0.02,155,466,0,0.00,0.00
io.protostuff.ProtobufCodedOutputTest.testEmptyBar,1,4,1,1,1,0.09,89,56,0,0.00,0.00
io.protostuff.BufferReuseTest.testPartialEmptyBarInnerWithEmptyString,0,17,4,1,1,0.06,85,193,0,0.00,0.00
io.protostuff.ProtostuffStreamedOutputTest.testPartialEmptyFooWithEmptyString,0,9,4,1,1,0.08,104,83,0,0.00,0.00
io.protostuff.ProtostuffStreamedOutputTest.testPartialEmptyBar,0,13,4,1,1,0.07,88,117,0,0.00,0.00
io.protostuff.ProtobufBufferedOutputTest.testPartialEmptyFooWithString,0,11,4,1,1,0.10,99,106,0,0.00,0.00
io.protostuff.ProtobufBufferedOutputTest.testBar,0,41,4,1,1,0.02,139,374,0,0.00,0.00
io.protostuff.ProtobufBufferedOutputTest.testJavaSerializableEmptyFoo,0,4,3,1,1,0.79,99,47,0,0.00,0.00
io.protostuff.ProtostuffBufferedOutputTest.testFoo,0,32,4,1,1,0.04,272,212,0,0.00,0.00
io.protostuff.ProtostuffBufferedOutputTest.testEmptyFooInner,0,10,4,1,1,0.11,133,101,0,0.00,0.00
io.protostuff.StringMapSchemaProtostuffTest.testSingleEntryEmptyValue,0,10,5,1,1,0.00,13,57,1,0.00,0.00
io.protostuff.StringMapSchemaProtostuffTest.testSingleEntryEmptyKey,0,10,5,1,1,0.00,13,57,1,0.00,0.00
io.protostuff.RepeatedTest.testPackedRepeatedByteArray,2,15,2,1,1,0.08,46,162,0,0.00,0.00
io.protostuff.ProtobufCodedOutputTest.testFooSkipMessage,1,28,2,1,1,0.15,450,227,0,0.00,0.00
io.protostuff.BufferReuseTest.testEmptyFoo,0,7,3,1,1,0.17,83,74,0,0.00,0.00
io.protostuff.RepeatedTest.testPackedRepeatedByteBuffer,2,15,2,1,1,0.08,52,151,0,0.00,0.00
io.protostuff.ProtobufBufferedOutputTest.testPartialEmptyBarInnerWithString,0,13,4,1,1,0.07,83,156,0,0.00,0.00
io.protostuff.ProtobufCodedOutputTest.testPartialEmptyBarWithString,1,13,2,1,1,0.11,179,126,0,0.00,0.00
io.protostuff.CompareOutputsTest.testBenchmark,0,0,0,0,0,0.00,15,0,0,0.00,0.00
io.protostuff.StringSerializerTest.testDataInputStreamDecoding,2,5,2,1,1,0.11,11,97,1,0.00,0.00
io.protostuff.ProtostuffStreamedOutputTest.testPartialEmptyBarInnerWithString,0,12,4,1,1,0.08,88,111,0,0.00,0.00
io.protostuff.ProtostuffRepeatedMessagesTest.testEmptyFooInner,0,13,3,1,1,0.21,233,143,0,0.00,0.00
io.protostuff.GraphDelimiterTest.testFooTooLarge,0,21,6,1,1,0.16,115,203,0,0.00,0.00
io.protostuff.ProtostuffBufferedOutputTest.testPartialEmptyFoo,0,13,4,1,1,0.09,138,119,0,0.00,0.00
io.protostuff.ProtostuffStreamedOutputTest.testJavaSerializableEmptyBarInner,0,18,6,1,1,0.19,139,179,0,0.00,0.00
io.protostuff.ProtobufRepeatedMessagesTest.testEmptyFoo2,0,4,2,1,1,0.85,103,50,0,0.00,0.00
io.protostuff.ProtobufCodedOutputTest.testPartialEmptyFoo,1,14,2,1,1,0.11,218,128,0,0.00,0.00
io.protostuff.StreamedStringSerializerTest.testUTF8VarDelimited,2,9,4,1,1,0.08,64,296,1,0.00,0.00
io.protostuff.ProtostuffBufferedOutputTest.testJavaSerializableEmptyFoo,0,4,3,1,1,0.79,99,47,0,0.00,0.00
io.protostuff.ProtostuffStreamedOutputTest.testJavaSerializableEmptyFooInner,0,4,3,1,1,0.79,109,47,0,0.00,0.00
io.protostuff.ProtobufCodedOutputTest.testPartialEmptyBarWithEmptyString,1,14,2,1,1,0.08,179,179,0,0.00,0.00
io.protostuff.ProtobufOutputTest.testGetTagAndRawVarInt32Bytes,0,2,1,1,1,0.62,8,24,1,0.00,0.00
io.protostuff.ProtostuffBufferedOutputTest.testFooDelimited,0,35,6,1,1,0.03,277,248,0,0.00,0.00
io.protostuff.StringMapSchemaProtobufTest.testMultipleEntries,0,10,5,1,1,0.00,17,57,1,0.00,0.00
io.protostuff.ProtobufCodedOutputTest.testJavaSerializableEmptyFoo2,0,4,3,1,1,0.79,104,47,0,0.00,0.00
io.protostuff.CodedInputTest.testSkipFieldOverTheBufferBoundary,1,10,2,1,1,0.35,16,117,1,0.00,0.00
io.protostuff.ProtobufOutputTest.testComputeRawVarint32Size,0,1,1,1,1,1.00,7,9,1,0.00,0.00
io.protostuff.StringMapSchemaProtostuffTest.testSingleEntryNullValue,0,7,3,1,1,0.00,13,49,1,0.00,0.00
io.protostuff.CodedOutputTest.testRawVarInt64Bytes,0,0,0,0,0,0.00,62,0,0,0.00,0.00
io.protostuff.ProtostuffBufferedOutputTest.testPartialEmptyBarWithString,0,12,4,1,1,0.10,83,113,0,0.00,0.00
io.protostuff.ProtostuffStreamedOutputTest.testBar,0,32,4,1,1,0.03,144,210,0,0.00,0.00
io.protostuff.ProtobufOutputTest.testGetTagAndRawVarInt64Bytes,0,3,1,1,1,0.35,8,43,1,0.00,0.00
io.protostuff.BufferReuseTest.testBaz,0,19,4,1,1,0.08,52,147,0,0.00,0.00
io.protostuff.ProtostuffBufferedOutputTest.testJavaSerializable,0,43,9,1,1,0.14,195,309,0,0.00,0.00
io.protostuff.ProtostuffStreamedOutputTest.testBarSkipMessage,0,36,4,1,1,0.03,148,241,0,0.00,0.00
io.protostuff.StringSerializerTest.testFloat,2,4,3,1,1,0.39,15,52,1,0.00,0.00
io.protostuff.ProtobufCodedOutputTest.testPartialEmptyFooInner,1,4,1,1,1,0.09,129,56,0,0.00,0.00
io.protostuff.ProtostuffBufferedOutputTest.testBazDelimited,0,17,5,1,1,0.06,55,142,0,0.00,0.00
io.protostuff.GraphDelimiterTest.testBarTooLarge3,0,11,5,1,1,0.24,54,140,0,0.00,0.00
io.protostuff.ProtostuffStreamedOutputTest.testJavaSerializable,0,43,9,1,1,0.13,200,309,0,0.00,0.00
io.protostuff.ProtostuffStreamedOutputTest.testShareFieldNumberAndTypeAndSkipMessage,0,26,4,1,1,0.04,153,198,0,0.00,0.00
io.protostuff.ProtobufCodedOutputTest.testPartialEmptyFooInnerWithString,1,4,1,1,1,0.09,132,56,0,0.00,0.00
io.protostuff.StringMapSchemaProtostuffTest.testTwoEntriesContainsEmptyKey,0,10,5,1,1,0.00,14,57,1,0.00,0.00
io.protostuff.ProtostuffStreamedOutputTest.testPartialEmptyFooInnerWithString,0,5,3,1,1,0.20,102,50,0,0.00,0.00
io.protostuff.ProtostuffStreamedOutputTest.testPartialEmptyFooInner,0,5,3,1,1,0.20,99,50,0,0.00,0.00
io.protostuff.ProtobufCodedOutputTest.testEmptyBarDelimited,0,2,2,1,1,0.00,109,22,0,0.00,0.00
io.protostuff.LinkBufferTest.testGetBuffers,1,4,1,1,1,0.65,13,26,1,0.00,0.00
io.protostuff.StreamedStringSerializerTest.testPartialSurrogatePair,2,2,2,1,1,1.00,7,65,1,0.00,0.00
io.protostuff.GraphDelimiterTest.testFooEmpty,0,9,4,1,1,0.07,115,133,0,0.00,0.00
io.protostuff.ProtobufDelimiterTest.testFooEmpty,0,8,3,1,1,0.07,115,122,0,0.00,0.00
io.protostuff.ProtobufCodedOutputTest.testPartialEmptyBar,1,14,2,1,1,0.11,163,128,0,0.00,0.00
io.protostuff.B64CodeTest.testBuffer,2,12,2,1,1,0.36,44,214,1,0.00,0.00
io.protostuff.ProtostuffBufferedOutputTest.testBarDelimited,0,34,5,1,1,0.04,144,232,0,0.00,0.00
io.protostuff.UnsignedNumberUtilTest.testUnsignedLongToString,0,6,1,1,1,0.04,3,28,1,0.00,0.00
io.protostuff.StringMapSchemaProtostuffTest.testMultipleEntries,0,10,5,1,1,0.00,17,57,1,0.00,0.00
io.protostuff.ProtostuffPipeTest.testFoo,0,88,11,1,1,0.02,344,640,0,0.00,0.00
io.protostuff.CompareInputsTest.testBenchmark,0,0,0,0,0,0.00,15,0,0,0.00,0.00
io.protostuff.LowCopyProtobufOutputTest.testCompareVsOther,2,57,5,1,1,0.04,173,454,1,0.00,0.00
io.protostuff.StringSerializerTest.testPartialSurrogatePair,2,4,2,1,1,0.07,10,212,1,0.00,0.00
io.protostuff.ProtostuffBufferedOutputTest.testPartialEmptyFooWithString,0,9,4,1,1,0.11,99,85,0,0.00,0.00
io.protostuff.BufferReuseTest.testPartialEmptyFooInnerWithString,0,7,3,1,1,0.17,99,74,0,0.00,0.00
io.protostuff.ProtobufRepeatedMessagesTest.testBar,0,43,4,1,1,0.10,146,408,0,0.00,0.00
io.protostuff.ProtobufCodedOutputTest.testJavaSerializableEmptyFoo,0,4,3,1,1,0.79,99,47,0,0.00,0.00
io.protostuff.ProtobufBufferedOutputTest.testJavaSerializableGraphIOUtil,0,13,7,1,1,0.27,41,136,0,0.00,0.00
io.protostuff.B64CodeTest.testRoundtrip,0,12,1,1,1,0.03,13,150,1,0.00,0.00
io.protostuff.StringMapSchemaProtostuffTest.testTwoEntries,0,10,5,1,1,0.00,14,57,1,0.00,0.00
io.protostuff.ProtostuffBufferedOutputTest.testPartialEmptyBarInner,0,13,4,1,1,0.07,83,119,0,0.00,0.00
io.protostuff.ProtobufBufferedOutputTest.testEmptyInnerFooDelimited,0,11,4,1,1,0.07,231,145,0,0.00,0.00
io.protostuff.BufferReuseTest.testFooSizeLimited,0,15,5,1,1,0.08,178,96,0,0.00,0.00
io.protostuff.ProtostuffBufferedOutputTest.testPartialEmptyBarInnerWithString,0,12,4,1,1,0.10,83,113,0,0.00,0.00
io.protostuff.ProtostuffStreamedOutputTest.testPartialEmptyFoo,0,13,4,1,1,0.07,143,117,0,0.00,0.00
io.protostuff.StringMapSchemaProtobufTest.testMultipleEntriesContainNullValues,0,10,5,1,1,0.00,19,57,1,0.00,0.00
io.protostuff.StringMapSchemaProtostuffTest.testEmptyMap,0,2,1,1,1,0.00,12,14,1,0.00,0.00
io.protostuff.ProtobufBufferedOutputTest.testJavaSerializableEmptyBar,0,4,3,1,1,0.79,75,47,0,0.00,0.00
io.protostuff.GraphDelimiterTest.testBaz,0,23,7,1,1,0.14,66,247,0,0.00,0.00
io.protostuff.StreamedStringSerializerTest.testMultipleLargeStringsExceedingBufferSize,2,12,7,1,1,0.10,35,254,1,0.00,0.00
io.protostuff.ProtobufBufferedOutputTest.testFooSkipMessage,0,43,4,1,1,0.03,276,393,0,0.00,0.00
io.protostuff.ProtostuffBufferedOutputTest.testEmptyInnerFooDelimited,0,12,5,1,1,0.07,231,121,0,0.00,0.00
io.protostuff.B64CodeTest.testRoundtripFromString,0,12,1,1,1,0.03,13,150,1,0.00,0.00
io.protostuff.StringMapSchemaProtobufTest.testSingleEntryEmptyKey,0,10,5,1,1,0.00,13,57,1,0.00,0.00
io.protostuff.ProtostuffStreamedOutputTest.testFooSkipMessage,0,36,4,1,1,0.03,281,241,0,0.00,0.00
io.protostuff.ProtobufRepeatedMessagesTest.testEmptyFooInner2,0,11,4,1,1,0.28,276,157,0,0.00,0.00
io.protostuff.ProtobufBufferedOutputTest.testJavaSerializableEmptyFoo2,0,4,3,1,1,0.79,104,47,0,0.00,0.00
io.protostuff.ProtobufBufferedOutputTest.testPartialEmptyBarInnerWithEmptyString,0,13,4,1,1,0.07,83,156,0,0.00,0.00
io.protostuff.StringMapSchemaProtobufTest.testMultipleEntriesContainsEmptyValue,0,10,5,1,1,0.00,18,57,1,0.00,0.00
io.protostuff.ProtostuffStreamedOutputTest.testJavaSerializableEmptyFoo2,0,4,3,1,1,0.79,104,47,0,0.00,0.00
io.protostuff.ProtobufCodedOutputTest.testEmptyBarInner,1,12,2,1,1,0.12,149,120,0,0.00,0.00
io.protostuff.ProtostuffBufferedOutputTest.testBarSkipMessage,0,36,4,1,1,0.03,143,243,0,0.00,0.00
io.protostuff.TailDelimiterTest.testEmptyBar2,0,10,2,1,1,0.26,99,118,0,0.00,0.00
io.protostuff.ProtostuffStreamedOutputTest.testEmptyBarDelimited,0,4,3,1,1,0.21,78,36,0,0.00,0.00
io.protostuff.ProtostuffStreamedOutputTest.testEmptyInnerBarDelimited,0,12,5,1,1,0.07,142,121,0,0.00,0.00
io.protostuff.StringSerializerTest.testUTF8FixedDelimited,2,6,2,1,1,0.04,34,242,1,0.00,0.00
io.protostuff.StringMapSchemaProtobufTest.testEmptyMap,0,2,1,1,1,0.00,12,14,1,0.00,0.00
io.protostuff.RepeatedTest.testPackedRepeatedCodedInput,2,19,2,1,1,0.07,46,186,0,0.00,0.00
io.protostuff.ProtobufRepeatedMessagesTest.testEmptyBarInner,0,11,4,1,1,0.28,144,157,0,0.00,0.00
io.protostuff.ProtobufOutputTest.testGetTagAndRawLittleEndian32Bytes,0,3,1,1,1,0.38,6,26,1,0.00,0.00
io.protostuff.CodedOutputTest.testRawVarInt32Bytes,0,0,0,0,0,0.00,45,0,0,0.00,0.00
io.protostuff.ProtobufCodedOutputTest.testEmptyBazDelimited,0,2,2,1,1,0.00,76,22,0,0.00,0.00
io.protostuff.ProtobufCodedOutputTest.testBarDelimited,0,23,4,1,1,0.16,312,193,0,0.00,0.00
io.protostuff.ProtobufCodedOutputTest.testPartialEmptyFooWithString,1,9,2,1,1,0.15,176,95,0,0.00,0.00
io.protostuff.CodedDataInputTest.testIt,0,27,9,1,1,0.11,59,308,0,0.00,0.00
io.protostuff.StringSerializerTest.testUTF8VarDelimited,2,6,2,1,1,0.09,62,286,1,0.00,0.00
io.protostuff.StringMapSchemaProtobufTest.testMultipleEntriesContainNullValue,0,10,5,1,1,0.00,18,57,1,0.00,0.00
io.protostuff.TailDelimiterTest.testEmptyList,0,2,1,1,1,1.00,15,27,0,0.00,0.00
io.protostuff.ByteStringTest.testToString_emptyString,0,3,1,1,1,0.40,3,9,1,0.00,0.00
io.protostuff.ProtostuffStreamedOutputTest.testFoo,0,32,4,1,1,0.04,277,210,0,0.00,0.00
io.protostuff.ProtobufBufferedOutputTest.testEmptyFooInner,0,9,4,1,1,0.09,133,123,0,0.00,0.00
io.protostuff.BufferReuseTest.testEmptyBarInner,0,14,4,1,1,0.09,82,130,0,0.00,0.00
io.protostuff.StringMapSchemaProtostuffTest.testTwoEntriesContainsNullValue,0,10,5,1,1,0.00,14,57,1,0.00,0.00
io.protostuff.StringMapSchemaProtobufTest.testSingleEntryEmptyValue,0,10,5,1,1,0.00,13,57,1,0.00,0.00
io.protostuff.StringMapSchemaProtobufTest.testTwoEntriesContainsEmptyValue,0,10,5,1,1,0.00,14,57,1,0.00,0.00
io.protostuff.ProtobufBufferedOutputTest.testPartialEmptyFooInnerWithString,0,5,3,1,1,0.24,97,52,0,0.00,0.00
io.protostuff.B64CodeTest.testStream,4,15,3,1,1,0.48,50,280,1,0.00,0.00
io.protostuff.StringSerializerTest.testLegacySurrogatePairs,2,5,3,1,1,0.24,7,77,1,0.00,0.00
io.protostuff.StreamedStringSerializerTest.testInt,2,5,4,1,1,0.51,21,66,1,0.00,0.00
io.protostuff.ProtostuffRepeatedMessagesTest.testEmptyFooInner2,0,13,3,1,1,0.21,276,143,0,0.00,0.00
io.protostuff.ProtobufRepeatedMessagesTest.testEmptyBar,0,4,2,1,1,0.85,80,50,0,0.00,0.00
io.protostuff.ProtobufDelimiterTest.testFoo,0,45,4,1,1,0.07,289,466,0,0.00,0.00
io.protostuff.BufferReuseTest.testPartialEmptyFooWithEmptyString,0,14,4,1,1,0.07,101,168,0,0.00,0.00
io.protostuff.ProtobufCodedOutputTest.testJavaSerializableEmptyFooInner,0,4,3,1,1,0.79,109,47,0,0.00,0.00
io.protostuff.StreamedStringSerializerTest.testVarDelimitedBoundryTwoByte,2,7,3,1,1,0.21,18,279,1,0.00,0.00
io.protostuff.TailDelimiterTest.testEmptyFoo2,0,10,2,1,1,0.26,141,118,0,0.00,0.00
io.protostuff.StringSerializerTest.testSurrogatePairsCustomOnly,2,8,3,1,1,0.07,20,265,1,0.00,0.00
io.protostuff.LinkBufferTest.testGetBuffersAndAppendData,1,4,1,1,1,0.65,11,26,1,0.00,0.00
io.protostuff.BufferReuseTest.testPartialEmptyBarWithEmptyString,0,17,4,1,1,0.06,85,193,0,0.00,0.00
io.protostuff.StringSerializerTest.testLong,2,5,3,1,1,0.44,15,82,1,0.00,0.00
io.protostuff.StringMapSchemaProtobufTest.testTwoEntriesContainsEmptyKey,0,10,5,1,1,0.00,14,57,1,0.00,0.00
io.protostuff.ProtobufOutputTest.testComputeRawVarint64Size,0,1,1,1,1,1.00,12,19,1,0.00,0.00
io.protostuff.ProtostuffStreamedOutputTest.testPartialEmptyFooWithString,0,9,4,1,1,0.08,104,83,0,0.00,0.00
